,model_name,r2,mape_runtime,mape_power
0,best_knn,-0.06995101872529302,0.1612221959894518,0.6216003713849036
1,best_dt,0.3177448673342703,0.14627397164738284,0.5025434054589115
2,best_rf,0.35208411556379715,0.15290975641315355,0.45228205846155833
3,best_etr,0.3386261833179323,0.1525319426335958,0.42341494027271465
