,model_name,r2,mape_runtime,mape_power
0,best_knn,0.04316155661365023,1.7105823694587245,0.8826590703899425
1,best_dt,-0.2482429060178255,1.6642662221721223,0.7297645325020196
2,best_rf,-0.23399947394674697,1.6757477888193504,0.7338455047647271
3,best_etr,0.09913484726161448,1.7019644118390123,0.6345878717579385
