,model_name,r2,mape_runtime,mape_power
0,best_knn,0.010850562453316837,2.4757871874021626,0.7430356195645833
1,best_dt,-0.17343478039394888,1.9253710946841929,0.6333446547250544
2,best_rf,-0.19144300436096673,2.2332684692717604,0.6602508479954786
3,best_etr,-19.60299163979786,5.2118284517233,0.5952472183196897
