,model_name,r2,mape_runtime,mape_power
0,best_knn,-0.12720092631515445,0.27828274545980436,0.7173180560113976
1,best_dt,0.26979635923088585,0.23777166874315253,0.6573319455723788
2,best_rf,0.16200387916896147,0.20383073059768647,0.7088479134870379
3,best_etr,0.3888307189610113,0.22680955546681733,0.5194493670435356
